Series Name,Series Code,Country Name,Country Code,1990 [YR1990],2000 [YR2000],2016 [YR2016],2017 [YR2017],2018 [YR2018],2019 [YR2019],2020 [YR2020],2021 [YR2021],2022 [YR2022],2023 [YR2023],2024 [YR2024],2025 [YR2025]
GDP per capita growth (annual %),NY.GDP.PCAP.KD.ZG,Afghanistan,AFG,..,..,-0.300121027406746,-0.195569548342789,-1.71374269254262,0.856294729087764,-5.38251464221077,-22.5844818732987,-7.57666891152213,0.10609280092082,-0.975915304703463,..
GDP per capita growth (annual %),NY.GDP.PCAP.KD.ZG,Albania,ALB,-11.1879052989609,8.14996793452505,5.52482598081943,4.88935288088643,5.28357949627288,3.64975808463876,-1.81016536329729,10.6641494274411,6.45698822084806,5.7396783820155,5.55729254637092,5.00582719956736
GDP per capita growth (annual %),NY.GDP.PCAP.KD.ZG,Algeria,DZA,-1.66808064996022,2.35726435010288,1.78594064734014,-0.541667024495979,-0.546019580108478,-0.939992962004737,-6.61247509707083,2.13263632683078,1.96825188100587,2.55120301943617,2.25996527082104,2.45643243285815
GDP per capita growth (annual %),NY.GDP.PCAP.KD.ZG,American Samoa,ASM,..,..,-0.488137584297121,-5.79936404816848,4.03850712136055,0.897584681397618,5.3517874262504,0.297884820349225,3.59327606262792,..,..,..
GDP per capita growth (annual %),NY.GDP.PCAP.KD.ZG,Andorra,AND,-0.119515604880633,3.56776571144128,3.69962046811506,-1.80605703312767,-0.30211930399588,0.265352820614368,-12.2238384935431,6.92704485233561,7.72123800096536,1.1232590791063,2.47782130029728,2.65776092136174
GDP per capita growth (annual %),NY.GDP.PCAP.KD.ZG,Angola,AGO,-6.67052697297498,-0.302928309017702,-3.73813083448252,-3.63762547583934,-3.88378811597828,-4.35122089958229,-8.31907910122797,-2.07481613044689,0.35327155797566,-1.75357049644875,1.80585033622316,0.0844684076458151
GDP per capita growth (annual %),NY.GDP.PCAP.KD.ZG,Antigua and Barbuda,ATG,3.43486298151443,4.43708445751554,3.47228425039911,2.1461875762954,6.17448976886325,2.67761319425004,-19.2945462845167,7.58367481372255,7.92395469957276,3.33568914888815,2.04180224398706,4.51099369921818
GDP per capita growth (annual %),NY.GDP.PCAP.KD.ZG,Argentina,ARG,-3.91119229289714,-1.90684139222867,-3.02450095578762,1.91639608148853,-3.41553683867816,-2.69506723533574,-10.3361096878518,10.1485599877349,5.79747980169367,-2.13703473540124,-1.68352700528746,4.01402236988311
GDP per capita growth (annual %),NY.GDP.PCAP.KD.ZG,Armenia,ARM,..,4.13075887426186,0.611877151180408,7.96544606461424,5.56850117850011,7.83608438672164,-7.16866452731679,5.77142760758333,12.3383335576379,8.47902034166535,3.48421625230606,5.35238280364143
GDP per capita growth (annual %),NY.GDP.PCAP.KD.ZG,Aruba,ABW,0.134479696268457,6.51922376579444,0.469912651203259,3.48581549286742,3.0485184481057,0.955684591453277,-23.5085810660208,15.779443924071,11.0099466413272,9.46637557708961,6.18175077559285,..
GDP per capita growth (annual %),NY.GDP.PCAP.KD.ZG,Australia,AUS,2.05133530941588,2.73354609011429,1.16312811538609,0.62251098729871,1.3466306507712,0.695209563773375,-1.35774770320791,1.86332687000336,2.91752727950202,1.09251403364293,-0.618565861462017,-0.191544720344581
GDP per capita growth (annual %),NY.GDP.PCAP.KD.ZG,Austria,AUT,3.55354808185622,2.94168464206538,1.01887723192984,1.56430689663536,1.98626296400239,1.30350317565873,-6.70639361073974,4.4669658436443,4.32849751156559,-1.76308859891033,-1.15937778694629,0.285965556994498
GDP per capita growth (annual %),NY.GDP.PCAP.KD.ZG,Azerbaijan,AZE,..,10.1910292674816,-4.14117487259738,-0.824348468311783,0.62488437469257,1.61582943287135,-4.85235140794201,5.15148935903709,4.673317967871,1.23267992863603,3.65914632279566,1.01259270392453
GDP per capita growth (annual %),NY.GDP.PCAP.KD.ZG,"Bahamas, The",BHS,-3.29619175946311,2.79090551843051,-1.84653148444181,2.728115494957,1.8159781736959,-1.33052999956263,-20.3291813559269,17.434844816468,10.5529690990486,2.55756046187126,2.90387123462988,..
GDP per capita growth (annual %),NY.GDP.PCAP.KD.ZG,Bahrain,BHR,0.893819936325329,2.55964691370853,-0.0791098754103388,-0.457057166110175,1.91849572888873,3.38274086937953,-5.17307400932464,2.11919822497499,4.76451212539493,0.42885937985659,2.14506863901964,2.72509987815381
GDP per capita growth (annual %),NY.GDP.PCAP.KD.ZG,Bangladesh,BGD,3.54080541439843,3.38671358983686,6.16181560014782,5.68710307010265,6.44197494702485,6.97264399779152,2.58647816564581,6.07069417020969,6.00847462887278,4.4907040939439,2.96499837954917,2.23843076756387
GDP per capita growth (annual %),NY.GDP.PCAP.KD.ZG,Barbados,BRB,-3.48446373308893,4.62813462345788,1.19578953850676,0.448798759502438,-0.443969056511889,0.0642920087754248,-17.5498930398064,7.84797752187261,15.875092547021,1.80770713344864,3.31901066583377,2.64331268678124
GDP per capita growth (annual %),NY.GDP.PCAP.KD.ZG,Belarus,BLR,..,6.29963628199231,-2.61191381567238,2.64480751685403,3.36999150781449,1.6513675093432,-0.251224685296094,3.29081749370279,-3.88854008026519,4.69120797390816,4.87181326291299,1.819968531776
GDP per capita growth (annual %),NY.GDP.PCAP.KD.ZG,Belgium,BEL,2.8302678771237,3.46547823151502,0.682454832714654,1.08431151262542,1.41528937457539,1.89071932044187,-5.20244011003201,5.8180102265206,3.18730563990106,0.701377653356133,0.427122650657566,0.279800186935191
GDP per capita growth (annual %),NY.GDP.PCAP.KD.ZG,Belize,BLZ,8.92908092614448,8.63286312471467,-2.31386521552362,-4.06828153670182,-1.04044004654376,2.74257530356437,-14.6255152617956,16.6367646067625,7.24662103489808,-1.54675916595728,2.02408347328358,1.32658870222943
GDP per capita growth (annual %),NY.GDP.PCAP.KD.ZG,Benin,BEN,5.67842480823693,2.65043149973154,0.361166139903119,2.67041720047298,3.73701554279164,3.98211326561793,1.12020264806804,4.41335435119757,3.58043408047179,3.70332512754182,4.84017869082697,5.5081087133525
GDP per capita growth (annual %),NY.GDP.PCAP.KD.ZG,Bermuda,BMU,-0.727990781411421,8.56055025926008,-0.633720640096868,3.40119187834931,-0.827444988688441,-0.124745932153232,-7.36898527070605,4.3339140849598,6.09120821281877,4.41671735689361,1.98596161949381,..
GDP per capita growth (annual %),NY.GDP.PCAP.KD.ZG,Bhutan,BTN,7.44206315606186,0.881596585426465,7.42464056841786,1.21137239128886,2.76296102776938,5.05479153201512,-10.8226112381065,3.68935319221934,4.47661599603487,3.90421520589868,6.80062352055369,7.30576455805061
GDP per capita growth (annual %),NY.GDP.PCAP.KD.ZG,Bolivia,BOL,2.45834978447405,0.762647496539714,2.72220716291487,2.6837284349174,1.40411994190022,0.0889440250061426,-13.7898619967426,8.91320528866063,2.54653335522636,1.11808728662825,-2.47074604396363,-2.90063448441337
GDP per capita growth (annual %),NY.GDP.PCAP.KD.ZG,Bosnia and Herzegovina,BIH,..,4.66760703832642,4.59597025623206,4.57868807789549,5.10677209046635,4.16109545157208,-1.65750707667169,9.19342480517756,5.53111118093285,2.62616849156352,3.90600654036231,2.91433522626807
GDP per capita growth (annual %),NY.GDP.PCAP.KD.ZG,Botswana,BWA,3.87620060854523,-0.163772714868571,5.69319455388396,2.6459126098983,2.72071433079989,1.57639094067899,-10.0332383222742,10.2596472128547,3.82363084321453,1.52893817984001,-4.3568819642385,-2.32173162960181
GDP per capita growth (annual %),NY.GDP.PCAP.KD.ZG,Brazil,BRA,-6.04327176300885,2.96222045087984,-4.01012719354725,0.587668928736335,1.09040860447158,0.562970837578547,-3.83550546659214,4.3179316171849,2.64631532411505,2.83370012861097,3.00083291892194,1.89458783745351
GDP per capita growth (annual %),NY.GDP.PCAP.KD.ZG,British Virgin Islands,VGB,..,..,..,..,..,..,..,..,..,..,..,..
GDP per capita growth (annual %),NY.GDP.PCAP.KD.ZG,Brunei Darussalam,BRN,-0.263026647451184,1.2515924816352,-3.69864300009469,0.109331621558866,-1.09895909064488,2.72616506285996,0.0657353317528475,-2.53123842091919,-2.41660968862067,0.339025318690261,3.20430381881549,-0.109535164452723
GDP per capita growth (annual %),NY.GDP.PCAP.KD.ZG,Bulgaria,BGR,-7.46320674046325,5.10505581146323,4.37288142099703,4.1152402016823,3.74323659397713,5.26898074561532,-2.15683346351801,8.54724289833413,4.76332097858048,1.97332517178712,3.47015020389682,3.22647677659302
GDP per capita growth (annual %),NY.GDP.PCAP.KD.ZG,Burkina Faso,BFA,-3.18766193398135,-1.10710660159205,2.9035090911533,3.21640521697573,3.76772678322459,3.24391866186016,-0.443420002406739,4.43100540861892,-0.693015914774818,0.688770925071964,2.50565566182472,2.99493943486739
GDP per capita growth (annual %),NY.GDP.PCAP.KD.ZG,Burundi,BDI,1.36304401339021,-2.89542791949714,1.43842310958158,1.41976304054418,2.20950781978466,1.08494176938687,-2.56910007414477,0.462596737226662,-0.413741362511459,0.476410170270753,1.4565402745951,1.7611109501225
GDP per capita growth (annual %),NY.GDP.PCAP.KD.ZG,Cabo Verde,CPV,-1.35290150988138,12.5710382620585,4.24816232606327,4.48221093147532,3.60152349643896,6.80449531732363,-20.8937523404244,6.62540765957627,15.1545081084513,4.2751322057766,6.46991608888079,5.80332221747327
GDP per capita growth (annual %),NY.GDP.PCAP.KD.ZG,Cambodia,KHM,-2.97044816189582,8.25832877301973,6.34300627617029,6.59196495590379,7.43177030242717,6.58272364852731,-4.96368199399319,1.57862051550094,3.74000920039251,3.66847775428445,4.72405869487767,4.11461115788671
GDP per capita growth (annual %),NY.GDP.PCAP.KD.ZG,Cameroon,CMR,-8.83238750824871,1.13442792226186,1.45711722669677,0.647004976201075,1.11514946861584,0.636415290549962,-2.43476031121681,0.631351991581198,1.04502997524601,0.652417560279119,0.854978148597212,0.590263610869485
GDP per capita growth (annual %),NY.GDP.PCAP.KD.ZG,Canada,CAN,-1.29644133757819,4.16394850425988,-0.0982963673716881,1.80946447841099,1.28092656218273,0.429657594374362,-6.06240641639141,5.36528783461416,2.78626569235895,-0.844530120415982,-0.954212030330638,0.791681826896635
GDP per capita growth (annual %),NY.GDP.PCAP.KD.ZG,Cayman Islands,CYM,..,..,0.85449283996779,0.889645893903833,2.04407129171315,1.77641822923059,-6.83262897536278,2.73935936787683,3.47204149366522,3.70821524263701,1.77902437118955,..
GDP per capita growth (annual %),NY.GDP.PCAP.KD.ZG,Central African Republic,CAF,-5.14384284646127,-5.13401462675454,2.87598768927953,2.7861131027974,1.9780319759616,1.72290159793216,-0.744488614542561,-0.705468755505223,0.730965726740934,-0.362884514707787,-1.89436423949913,1.03862629845366
GDP per capita growth (annual %),NY.GDP.PCAP.KD.ZG,Chad,TCD,-6.79304926645887,-4.24950215601882,-7.08506190157246,-4.81719582036631,2.24768972082788,2.04363651447466,-3.51319644390499,-3.10209208613276,0.59175907712094,-0.651125322486365,-0.115072436579638,2.04780376097817
GDP per capita growth (annual %),NY.GDP.PCAP.KD.ZG,Channel Islands,CHI,..,..,0.948076599842508,1.5363504960191,0.736021076194476,1.15023329351136,-9.22341035779262,9.60318203511517,5.0433512927915,3.42060523333167,..,..
GDP per capita growth (annual %),NY.GDP.PCAP.KD.ZG,Chile,CHL,1.88581611632009,3.72361873178446,0.52983351729867,-0.235110167425177,2.14988195463914,-0.952396500724504,-6.97738648556296,10.8469342332232,1.55914868965226,0.135205921667691,2.25410739557456,1.96836668792395
GDP per capita growth (annual %),NY.GDP.PCAP.KD.ZG,China,CHN,2.40879373505875,7.72142235903391,6.16357090866066,6.24623915563534,6.25969538838069,5.69178029552671,2.09618372204399,8.47352592384939,3.14736528950196,5.52547619540933,5.08754856303446,5.13829164139675
GDP per capita growth (annual %),NY.GDP.PCAP.KD.ZG,Colombia,COL,2.14817587559615,1.25270223212341,1.08114925712198,-0.101221554133033,0.695264947238812,1.36014067984289,-8.50949477621059,9.5929782838861,6.18779953705864,-0.282233597731121,0.408620603822158,1.60595920382266
GDP per capita growth (annual %),NY.GDP.PCAP.KD.ZG,Comoros,COM,4.5640560053973,-2.88945143643761,1.22281058132006,1.76762596404485,1.63821442372796,-0.178239892265168,-2.13462938280972,0.0455645511488143,0.486994503714811,1.22101405059583,1.36481294621163,1.84834438727457
GDP per capita growth (annual %),NY.GDP.PCAP.KD.ZG,"Congo, Dem. Rep.",COD,-9.61748597659816,-9.84965913432067,-3.09891686152069,0.498126250776636,2.57995294310305,-2.58176822938702,-2.41880983949436,3.03871005349485,5.84381468903847,5.05273224713814,2.71725564861343,2.42596784907103
GDP per capita growth (annual %),NY.GDP.PCAP.KD.ZG,"Congo, Rep.",COG,-1.84268984995809,3.53179165255042,-10.8700508595295,-7.86139425991523,-4.6581397485937,-1.27988440285151,-8.48578578986992,-1.37465389510481,-0.927744025174505,-0.528875412706213,-0.319535900925317,0.674917226843235
GDP per capita growth (annual %),NY.GDP.PCAP.KD.ZG,Costa Rica,CRI,0.969665370569132,1.80819157520567,3.15607053449173,3.17871988571305,1.9267557137394,1.85075764226454,-4.803591296633,7.6692169270473,5.00925936176895,4.3041987782517,3.5881668120543,4.09282266939263
GDP per capita growth (annual %),NY.GDP.PCAP.KD.ZG,Cote d'Ivoire,CIV,-4.9093999603687,-2.98789209303686,4.10858359182184,4.42161228468103,2.05334874793748,3.96244737490909,-1.81621061689408,4.4463193708041,3.75602084659074,3.96403768524576,3.46791305721162,3.96926488985672
GDP per capita growth (annual %),NY.GDP.PCAP.KD.ZG,Croatia,HRV,..,3.96819591961956,4.59625905495034,4.95698866850903,4.26898598804596,4.13065464683689,-7.48629145426857,13.6540779633306,7.94429675001722,3.65329698905039,3.65085264409362,3.1363113364947
GDP per capita growth (annual %),NY.GDP.PCAP.KD.ZG,Cuba,CUB,-3.84822465768245,5.56315407850497,0.597183645134152,1.97075471516408,2.43656837458022,0.0532186639248664,-10.7383538682124,1.74778827156759,2.34839091134221,-1.5743835905819,-0.699961142159495,..
GDP per capita growth (annual %),NY.GDP.PCAP.KD.ZG,Curacao,CUW,..,..,-2.11116210733545,-1.59116272960222,-1.58863051943423,-2.04109664387006,-17.4108327282771,5.22183871931962,7.34318830024098,3.30385721875324,4.14273671054548,..
GDP per capita growth (annual %),NY.GDP.PCAP.KD.ZG,Cyprus,CYP,5.13997001219491,4.84416050602792,6.01835711404337,4.85340888107815,5.05105337795295,4.46826562163456,-4.51403585865228,9.74651161533515,6.27933971497492,1.63941638797075,2.29692759392108,..
GDP per capita growth (annual %),NY.GDP.PCAP.KD.ZG,Czechia,CZE,..,4.3027395227283,2.3840542545404,4.8945501951199,2.48698770067625,3.15874802851988,-5.53491969820153,5.93106968937249,1.24409473190281,-1.71985869478267,0.870762995860048,2.75148320535214
GDP per capita growth (annual %),NY.GDP.PCAP.KD.ZG,Denmark,DNK,1.49524829012768,3.37790720232864,2.27180151789635,2.39559065097636,1.35619600199787,1.34779245340653,-2.06613837683189,6.03966577353796,-0.344058639271637,-0.138322294600371,2.95776259160623,2.3772870123953
GDP per capita growth (annual %),NY.GDP.PCAP.KD.ZG,Djibouti,DJI,..,..,5.33331529745931,3.73971530980459,3.10861540140996,3.91378440928256,-0.306867602824667,2.91169899255628,3.70080389886223,5.33919577490653,5.53622497099775,5.11452662845488
GDP per capita growth (annual %),NY.GDP.PCAP.KD.ZG,Dominica,DMA,6.21436795036516,2.8764856526242,2.6190351438682,-6.04609004192379,3.45033107598908,4.3983147374291,-15.323436855213,5.96160559948913,11.0179611001056,4.14467889969342,2.52288551933697,3.57496672818243
GDP per capita growth (annual %),NY.GDP.PCAP.KD.ZG,Dominican Republic,DOM,-7.42253842418627,2.96955695961634,5.54040978660888,2.80931921775627,5.95314205477773,3.81572682273033,-8.88467221699831,12.8319080410071,4.2328919676722,1.28564825764879,4.06915239840208,1.293661274082
GDP per capita growth (annual %),NY.GDP.PCAP.KD.ZG,Ecuador,ECU,1.38509528648214,-0.648225387551591,-2.12550882201938,4.36195467405905,-0.674558960176682,-1.51253154807527,-10.3108339169142,8.57789544186942,5.0282959697896,0.948258262430642,-2.7842885423931,2.85021075952048
GDP per capita growth (annual %),NY.GDP.PCAP.KD.ZG,"Egypt, Arab Rep.",EGY,2.61630325467065,4.09609057659976,2.24497375695228,2.12015477140174,3.35166753239859,3.71584088502073,1.88111976012442,1.76220484274864,5.01555864975533,2.02315842412948,0.639636335125445,2.78005160543854
GDP per capita growth (annual %),NY.GDP.PCAP.KD.ZG,El Salvador,SLV,2.87694943624557,0.626535379070958,2.25589267443243,2.0380895055328,2.30913946286621,2.39613321946494,-8.07562588564387,11.5271594106656,2.55236385314032,2.87505531109322,2.12804375011343,3.46015288359463
GDP per capita growth (annual %),NY.GDP.PCAP.KD.ZG,Equatorial Guinea,GNQ,-5.37648309315803,12.1516339606444,-12.0971098998986,-8.94053555047577,-9.37041905185943,-8.52391282041842,-7.35874657366674,-1.56652040015599,0.661786258781987,-9.62995914700062,-1.98923228918052,-8.07696238295122
GDP per capita growth (annual %),NY.GDP.PCAP.KD.ZG,Eritrea,ERI,..,-4.61837133772084,..,..,..,..,..,..,..,..,..,..
GDP per capita growth (annual %),NY.GDP.PCAP.KD.ZG,Estonia,EST,..,9.55642258870186,3.06301090349199,5.50685731354206,3.33940936378892,3.3419636171697,-3.07548007766944,8.14019436008853,-2.53754963208853,-4.26634480137913,-0.239652154313688,1.01609649856567
GDP per capita growth (annual %),NY.GDP.PCAP.KD.ZG,Eswatini,SWZ,16.2146112334514,0.721283694963475,2.34965752297238,2.74440888521023,-0.853481330729949,5.4445627805287,-3.9978006899122,3.03852368946784,-0.628894036514311,2.55749887128813,2.01061156828082,3.08642991125257
GDP per capita growth (annual %),NY.GDP.PCAP.KD.ZG,Ethiopia,ETH,-1.00646889295157,2.86806618904541,6.5099145630674,6.61862070026751,3.97407545942133,5.48664147824387,3.22311599681393,2.85565763143852,2.59539967724329,3.85475024935491,4.868199776186,7.00658189199632
GDP per capita growth (annual %),NY.GDP.PCAP.KD.ZG,Faroe Islands,FRO,..,..,0.228343050722899,2.03500931466967,1.11536325937354,2.93783373419572,-3.08017092370805,3.62712467824227,2.68179027570467,2.2200355417781,0.397081062964816,..
GDP per capita growth (annual %),NY.GDP.PCAP.KD.ZG,Fiji,FJI,4.84299288693262,-2.7615422573721,2.38011648097762,5.40003471633406,3.99107234875937,-0.334080345193271,-17.1893281212242,-4.52835673234897,17.3979446832272,8.88313429271439,3.01375309468594,2.7121998383011
GDP per capita growth (annual %),NY.GDP.PCAP.KD.ZG,Finland,FIN,0.246189467799468,5.53441379935349,2.27754373131673,3.06123169296772,1.05884315705418,1.23812097519217,-2.63099855258851,2.46373050011893,0.489394588644501,-1.7812611103802,-0.268412367688029,-0.297135625498385
GDP per capita growth (annual %),NY.GDP.PCAP.KD.ZG,France,FRA,2.268451182731,3.42869029655284,0.594243752389232,1.78779549384231,1.28216603702126,1.68870844116209,-7.74056751254994,6.50155219757207,2.20208858513766,1.16054609449012,0.925700761599856,0.593421268268841
GDP per capita growth (annual %),NY.GDP.PCAP.KD.ZG,French Polynesia,PYF,-1.90095853705124,1.63790019281309,1.82142796079958,3.95416021395157,1.90583847677253,2.97688844901971,-10.6298635700059,3.1505198503273,2.7222043522178,2.50230703778058,0.879141456817294,..
GDP per capita growth (annual %),NY.GDP.PCAP.KD.ZG,Gabon,GAB,2.34828480298293,-4.3871748201515,-0.79183198007,-2.16361774149249,-1.68804743568779,1.38257599119697,-4.15528083286725,-0.845244788994776,0.747533658746065,0.210978858234995,1.188352816788,0.331924216765373
GDP per capita growth (annual %),NY.GDP.PCAP.KD.ZG,"Gambia, The",GMB,-0.696506329267095,2.65021456237223,-0.701007891119758,2.20807546707253,4.66787430455537,3.74848295956672,-1.7631871131438,2.79304588389131,3.07381399019251,3.50722689105484,3.1747025023372,3.56273284761694
GDP per capita growth (annual %),NY.GDP.PCAP.KD.ZG,Georgia,GEO,-14.7657166211898,3.84018024327052,3.38835328316745,5.14582677562736,6.10344745087359,5.56167165873158,-6.35478715206467,11.0650780067831,10.8422088053808,7.74568551727566,6.88825844146292,4.09646855399109
GDP per capita growth (annual %),NY.GDP.PCAP.KD.ZG,Germany,DEU,4.35163907238731,2.73729010710275,1.40038690062336,2.4144426920242,0.832212527052548,0.750266426253219,-4.21020011825779,3.86602720371127,1.83161439976671,-0.999929288913975,-0.769070552658818,0.270006343901656
GDP per capita growth (annual %),NY.GDP.PCAP.KD.ZG,Ghana,GHA,0.725670862009096,1.12706117579829,1.04704406736222,5.78094585817396,4.01895338314475,4.39063133478864,-1.46830801654092,3.03800270044563,1.83051244958061,1.19022304482641,3.88131865617211,4.03001049809495
GDP per capita growth (annual %),NY.GDP.PCAP.KD.ZG,Gibraltar,GIB,..,..,..,..,..,..,..,..,..,..,..,..
GDP per capita growth (annual %),NY.GDP.PCAP.KD.ZG,Greece,GRC,-1.05223289834684,3.71272971778744,0.384851865059588,1.67402014860588,2.27195132202993,2.38497557963629,-9.00116455331775,9.9750809262257,6.85973802216606,2.43478151693941,2.10832570957629,1.9865406569992
GDP per capita growth (annual %),NY.GDP.PCAP.KD.ZG,Greenland,GRL,-12.1958664414579,6.93956723449121,4.54780858066064,0.0776647739674274,0.89068474112419,2.46273159433217,-0.00176247850131972,1.12101711638257,1.99015372527471,0.504111002291438,..,..
GDP per capita growth (annual %),NY.GDP.PCAP.KD.ZG,Grenada,GRD,3.14269241499387,4.18122183760816,3.33052048330798,4.16002295455056,4.13321655238465,0.424779227477273,-14.0234896211443,4.38638000986352,7.10371866166386,4.37658936970584,2.2895660616781,4.32655990102558
GDP per capita growth (annual %),NY.GDP.PCAP.KD.ZG,Guam,GUM,..,..,0.591903022530076,1.34860712204592,-0.333833095467511,3.07547868580322,-10.7119946566793,1.07830501841417,4.17726586538778,..,..,..
GDP per capita growth (annual %),NY.GDP.PCAP.KD.ZG,Guatemala,GTM,0.255295713828147,1.17641998878537,0.803225593316299,1.22202113190455,1.69836286934826,2.44813678390565,-3.2200765703051,6.56016056249786,2.70050703837425,1.94237600245772,2.12927868150834,2.70911437104778
GDP per capita growth (annual %),NY.GDP.PCAP.KD.ZG,Guinea,GIN,0.7803800084003,0.512194741763963,8.01216245351651,7.51589992127235,3.68700873912611,2.9464024435663,2.06694997562413,2.96921009369555,1.423063279934,2.9750250246767,2.8559023366217,4.9925479076793
GDP per capita growth (annual %),NY.GDP.PCAP.KD.ZG,Guinea-Bissau,GNB,4.36956798137795,-0.908641384543557,2.81765698941554,2.14454305364472,1.32710524004433,2.89045755858285,0.563114253614899,2.69206006657852,3.11934051229805,2.30744059429175,2.13196464119618,3.55252971991914
GDP per capita growth (annual %),NY.GDP.PCAP.KD.ZG,Guyana,GUY,-2.42492513734094,-1.40881252207762,3.15936322443832,3.06887182440371,1.39604562755792,3.25156178245531,43.5123463015091,18.8820438552858,62.1110713145037,33.0314424322445,43.0000558343687,18.6366832712208
GDP per capita growth (annual %),NY.GDP.PCAP.KD.ZG,Haiti,HTI,-1.02129198833929,-0.974737113523176,0.398402974127237,1.12394427912376,0.326678559605597,-2.98683711868885,-4.49816442182016,-2.92695804339543,-2.7846808475344,-2.99212843762332,-5.28498956953727,-3.80407652802471
GDP per capita growth (annual %),NY.GDP.PCAP.KD.ZG,Honduras,HND,17.7981216590449,6.65751930552896,1.96051068302054,2.92107278326836,1.96196872528638,0.71936151617345,-10.5484174868395,10.7029903655951,2.41184551052402,1.8148973269289,1.90114546136495,2.05319699380316
GDP per capita growth (annual %),NY.GDP.PCAP.KD.ZG,"Hong Kong SAR, China",HKG,3.49746308731733,6.71846101727634,1.54456362409606,3.00147920005347,2.02718102328538,-2.39666775385065,-6.20875243033073,7.42949558184318,-2.80684659913206,0.549720226024647,2.79304964014938,3.83541836993533
GDP per capita growth (annual %),NY.GDP.PCAP.KD.ZG,Hungary,HUN,-2.49449922766898,4.68094650632939,2.83749039789862,4.47743568209606,5.82146361803679,5.2087641343076,-4.09730738033811,7.66253175353751,4.43277115645731,-0.683845867847779,1.0263093874987,1.01465440483528
GDP per capita growth (annual %),NY.GDP.PCAP.KD.ZG,Iceland,ISL,0.385665647091926,3.4786164080938,4.7538797362384,1.08598544948268,1.89500637167048,-1.06147505075413,-8.14886563450268,3.47038527549633,6.15498049883465,4.03548776146962,-1.49818625875487,-0.242811566226194
GDP per capita growth (annual %),NY.GDP.PCAP.KD.ZG,India,IND,3.2235163449005,1.90763005843495,6.97394690926852,5.5611850346496,5.29211971912275,2.79675759966057,-6.69047102834244,8.79093447675136,6.76238601728318,6.26741791597422,6.14957446128288,6.6165688365585
GDP per capita growth (annual %),NY.GDP.PCAP.KD.ZG,Indonesia,IDN,5.31384899911562,3.4278636272189,3.91054275495577,4.00109865179923,4.15930013909383,4.0413041818536,-2.89423403981894,2.97476192227879,4.52447576618876,4.16733948268603,4.18121375688376,4.28652455694656
GDP per capita growth (annual %),NY.GDP.PCAP.KD.ZG,"Iran, Islamic Rep.",IRN,10.3353954087594,4.29451656429561,7.26636493161325,1.55521443456146,-4.96761764341849,-3.40863263146464,3.64198271829557,3.26912440288719,3.10702656058911,4.07166848852256,2.57740907930864,-3.71965760617967
GDP per capita growth (annual %),NY.GDP.PCAP.KD.ZG,Iraq,IRQ,55.872942314425,13.0301611362353,11.0984155585203,-3.98546687274897,0.267762550620816,3.14043943608276,-13.9675322715096,-0.74745630944858,5.51097802059412,-1.72015237085384,-3.61511900831731,-4.19241534132514
GDP per capita growth (annual %),NY.GDP.PCAP.KD.ZG,Ireland,IRL,8.37500652483381,7.95480656981979,-0.0687294094505688,8.63259519638329,6.13694267880518,3.31840085150145,5.80801946810749,14.6467292457005,5.40228269492256,-4.34749825420604,0.997438539135004,10.5232551843197
GDP per capita growth (annual %),NY.GDP.PCAP.KD.ZG,Isle of Man,IMN,2.48469388635746,4.09055253299996,7.11503908245226,2.66187031478451,1.97434466746698,0.0733713448695283,-8.952853097019,3.78598283934312,-4.19809282387067,-2.0736556737203,..,..
GDP per capita growth (annual %),NY.GDP.PCAP.KD.ZG,Israel,ISR,4.04507932786228,5.75975072145897,2.50670443598923,2.34048587653075,2.06796927151525,1.62043641627767,-3.51878278661184,7.51180775977554,4.29299164027475,-0.958016586483481,-0.592650786473939,1.70485885012617
GDP per capita growth (annual %),NY.GDP.PCAP.KD.ZG,Italy,ITA,1.90043980216616,3.83504714661416,1.42884453159633,1.79499729937032,1.03718514840632,0.678246830552865,-8.42323993924451,9.49416108466208,5.0334454866795,0.973187605594532,0.83691071221466,0.602806059262818
GDP per capita growth (annual %),NY.GDP.PCAP.KD.ZG,Jamaica,JAM,3.41413068657693,0.181209199316882,2.49050959451111,2.08054717136154,2.35833186418979,1.69497447065874,-8.54632871499803,5.44605052451513,6.38449296229192,2.72311612642515,-0.51363387005874,0.155655214064467
GDP per capita growth (annual %),NY.GDP.PCAP.KD.ZG,Japan,JPN,4.54527368671546,2.80621328819454,0.756497591794997,1.70668817770073,0.962163474855828,-0.168366879621402,-4.00127136367016,4.04163849701511,1.78240958675406,1.21286714128739,0.195469592184395,1.69235502736154
GDP per capita growth (annual %),NY.GDP.PCAP.KD.ZG,Jordan,JOR,-7.77277478563077,2.10734677821824,-2.59919514615272,0.22543046814485,-0.366596262740202,-0.144023848563009,-2.91147672323414,1.86634825216463,1.01339563047829,1.47963486739255,1.54706087079248,3.11393458304539
GDP per capita growth (annual %),NY.GDP.PCAP.KD.ZG,Kazakhstan,KAZ,..,9.47962640033421,-0.438395201172128,2.49076945691363,2.5560669084423,2.99405538115775,-3.86406094514987,2.91864170117744,1.70100297910589,3.57238732741942,3.66170013445029,5.21659445318726
GDP per capita growth (annual %),NY.GDP.PCAP.KD.ZG,Kenya,KEN,0.668332502815062,-2.38610693277963,1.93794795580835,1.60475183361922,3.52404781491717,3.07004769448449,-2.2103217118529,5.5651365159048,2.86281276489714,3.64425548577437,2.63137959665416,2.63289431353732
GDP per capita growth (annual %),NY.GDP.PCAP.KD.ZG,Kiribati,KIR,-8.52138201391774,4.95143441733177,5.58490832516883,2.16246551099044,1.89214544847405,1.77977627382882,-2.98712184016587,6.51730510856365,3.40476180750579,1.53004759659856,3.14886076984993,2.71735255722947
GDP per capita growth (annual %),NY.GDP.PCAP.KD.ZG,"Korea, Dem. People's Rep.",PRK,..,..,..,..,..,..,..,..,..,..,..,..
GDP per capita growth (annual %),NY.GDP.PCAP.KD.ZG,"Korea, Rep.",KOR,8.94633215523027,8.29254041446951,2.76290075939411,3.14298545917306,2.72979572830845,1.95849636720857,-0.837051834035137,4.747751556973,2.92034561376229,1.50434142529414,1.92783227201599,1.13698114634992
GDP per capita growth (annual %),NY.GDP.PCAP.KD.ZG,Kosovo,XKX,..,..,6.20761650241487,4.03838879864328,3.05752931278261,5.23669676312298,-5.40690184268419,10.9981400491097,5.33909761737917,9.35107522909426,10.3656494300073,4.74031521100724
GDP per capita growth (annual %),NY.GDP.PCAP.KD.ZG,Kuwait,KWT,-2.90644267442678,1.76596434147542,-1.43152053599024,-8.16879129164303,-1.26570110779524,-0.471027490632153,-3.90774915473197,2.59077518987651,1.43711284054184,-6.98656704450174,-2.35607712376698,3.40677373406191
GDP per capita growth (annual %),NY.GDP.PCAP.KD.ZG,Kyrgyz Republic,KGZ,3.68716154101205,4.19610604345162,2.04985149948004,2.55837834194257,1.54586820248004,2.28120088774463,-9.03157714073227,3.58776993335192,7.03042869604123,7.10119376613466,9.65363391447642,9.26239975435819
GDP per capita growth (annual %),NY.GDP.PCAP.KD.ZG,Lao PDR,LAO,3.7107564838131,4.03726532497247,5.36288912313843,5.2271106715724,4.60986171989208,3.86091278109465,-0.986715601107164,1.06109059992194,1.2697005231296,2.31116087572821,2.72532702600417,3.16696670840642
GDP per capita growth (annual %),NY.GDP.PCAP.KD.ZG,Latvia,LVA,..,6.86619861333267,3.49318640044002,4.31935869681359,5.12560422080688,1.37774612596324,-2.78996380720736,7.8481957927218,2.18545852350196,-1.16914941176928,0.904976236094242,3.1515721924612
GDP per capita growth (annual %),NY.GDP.PCAP.KD.ZG,Lebanon,LBN,24.0733625704812,-0.39180673260141,3.95420458700914,3.57185811074811,1.00112836973221,-3.87037166908469,-20.1290983815185,-7.25697163046323,-1.07782192621244,-1.25912842069158,-7.59953414966085,..
GDP per capita growth (annual %),NY.GDP.PCAP.KD.ZG,Lesotho,LSO,4.03788867674339,3.84034989034289,2.35363981271321,-4.33655999292874,-2.67593907523207,-2.56925986092637,-9.23727005298078,1.09935782526551,1.28745564005285,0.578518284725888,4.0567836183363,0.864833753647872
GDP per capita growth (annual %),NY.GDP.PCAP.KD.ZG,Liberia,LBR,-44.5522515525438,23.9409230680701,-3.54590251888713,0.48341831127135,-0.802290167584516,-4.38160849244818,-4.97470394166794,2.7936852774608,2.585058275666,2.40186206516404,1.8018710155725,2.84724354890147
GDP per capita growth (annual %),NY.GDP.PCAP.KD.ZG,Libya,LBY,1.33273690708428,1.97930843294741,-2.98083261952721,30.3950611263495,6.20327204937865,-12.4989174222368,-30.4001717408883,26.6853936559494,-9.42490206992071,8.96534736140164,0.859500182813605,12.1932042706465
GDP per capita growth (annual %),NY.GDP.PCAP.KD.ZG,Liechtenstein,LIE,0.740886089334552,1.87954790344263,..,..,..,..,..,..,..,..,..,..
GDP per capita growth (annual %),NY.GDP.PCAP.KD.ZG,Lithuania,LTU,..,4.14861792867285,3.87744054624235,5.88872606993294,5.79066548228593,4.97938353929399,0.068446214406265,6.47017052787757,1.62367298622554,-0.661828593386076,2.43472538512522,2.90240527639017
GDP per capita growth (annual %),NY.GDP.PCAP.KD.ZG,Luxembourg,LUX,4.0098091281165,5.51037466267064,2.73979183520059,-1.11617956345307,-0.329837078615427,0.752175646219683,-2.15417448261604,5.31842935090185,-3.07197222288745,-1.90231135782022,-1.2100359658708,-0.820922037442116
GDP per capita growth (annual %),NY.GDP.PCAP.KD.ZG,"Macao SAR, China",MAC,4.80404528415188,4.96128697751081,-2.16245351057516,10.6136017665803,4.66426775869004,-4.36234107753577,-55.2935602758164,22.9825542159725,-18.3347299128809,74.9210250474262,6.56231424335874,4.83893143027348
GDP per capita growth (annual %),NY.GDP.PCAP.KD.ZG,Madagascar,MDG,0.129377410638895,1.19450196549229,1.31063593376801,1.26236994297058,0.542519018708518,1.73013722889858,-9.49182579621846,2.05115869903585,1.58457442932567,1.6960181482163,1.81300227228203,0.562138075333138
GDP per capita growth (annual %),NY.GDP.PCAP.KD.ZG,Malawi,MWI,1.5997050726011,-0.830828162365975,-0.256367435160101,1.22138049385239,1.60299745635619,2.9515101541935,-1.82835240679078,1.88076432929152,-1.63749399398691,-0.642220906290575,-0.912638164593119,-0.686849668516146
GDP per capita growth (annual %),NY.GDP.PCAP.KD.ZG,Malaysia,MYS,5.84109356459912,6.33603610574379,2.62004557566016,3.96186564548185,3.07401779071937,2.75950122381441,-6.7093351308522,2.13146199778431,7.73357563754043,2.26723785284469,3.83035137439249,3.94303451852645
GDP per capita growth (annual %),NY.GDP.PCAP.KD.ZG,Maldives,MDV,13.2974405956587,2.14940822069896,2.73896015037067,3.57472677178792,5.16982903680598,3.71535274800274,-34.8311671109222,33.7685588624398,12.0990628027296,4.56618167112615,3.14046759606626,5.93419190830417
GDP per capita growth (annual %),NY.GDP.PCAP.KD.ZG,Mali,MLI,-7.1334325326944,-3.58595570324812,2.70047363998611,2.06891771151898,1.64097526437071,1.8782927302578,-4.10679845683099,-0.00652431025741862,0.62881217345263,1.69413019181073,1.97282059454264,2.58125250732783
GDP per capita growth (annual %),NY.GDP.PCAP.KD.ZG,Malta,MLT,5.25659773464982,18.9114915732227,1.72282160938224,9.92374329605097,3.4685156198008,-0.0478839092805288,-5.62564948135554,12.7690777878809,0.0887619384696023,6.30394245289163,3.20663453457261,2.01451484227326
GDP per capita growth (annual %),NY.GDP.PCAP.KD.ZG,Marshall Islands,MHL,0.276656023957813,1.43606867628043,4.84812588584671,6.18444127953049,8.38496134170197,13.6597363046024,0.18904949035759,5.4661699940084,2.49567331790566,-2.34904444306297,6.82066577422408,5.85210372629017
GDP per capita growth (annual %),NY.GDP.PCAP.KD.ZG,Mauritania,MRT,-4.22868516855954,-6.555624764896,-1.7297966805089,3.14237150374205,1.70257045496822,0.13930852413786,-3.22895410826938,-2.12417720362249,3.71273074182706,3.68749010988319,3.28552170889522,1.17779889655245
GDP per capita growth (annual %),NY.GDP.PCAP.KD.ZG,Mauritius,MUS,6.42594403706114,7.14471594691585,3.81440765602909,3.86072669871569,4.05992866276578,2.83079852696363,-14.1994012536253,3.31197751733502,8.66948184722258,5.86268595206461,5.19005192584659,3.32059861954176
GDP per capita growth (annual %),NY.GDP.PCAP.KD.ZG,Mexico,MEX,3.25104891064525,3.42140514214798,0.790955203187124,0.923425371780112,1.01136623366224,-1.33462177697962,-9.10287155806593,5.34306680540892,2.93163504610845,2.21143135142616,0.482180650417988,-0.26591634448161
GDP per capita growth (annual %),NY.GDP.PCAP.KD.ZG,"Micronesia, Fed. Sts.",FSM,1.80262252769936,4.28464922262306,0.927224155763625,1.69615440576835,0.0155080252273621,3.29317692508138,-2.61687691868171,2.445766552558,-3.53756970750719,0.667659305636874,1.82218727310135,0.597667410706975
GDP per capita growth (annual %),NY.GDP.PCAP.KD.ZG,Moldova,MDA,..,2.31558560482232,5.87017576429136,5.99041199822246,5.92036718190722,5.22280984962049,-7.26326976771907,15.6557976122015,-2.11552607964038,4.1058113116506,2.58624390238423,4.22916834786508
GDP per capita growth (annual %),NY.GDP.PCAP.KD.ZG,Monaco,MCO,1.71703258668268,3.76615473587731,1.57423975069067,-4.23891093966274,4.37923997124996,7.24738037567747,-13.1045741376188,20.7188673661029,10.1116479795959,5.37628226810594,9.42342942977361,..
GDP per capita growth (annual %),NY.GDP.PCAP.KD.ZG,Mongolia,MNG,-2.00927357459601,-0.187391049653314,-0.547071462431205,3.6220070103727,5.75427016552706,3.67988421239794,-6.26542378289111,-0.0614212834574062,3.50307766866899,5.95952333228973,3.82045181254634,5.52100531357551
GDP per capita growth (annual %),NY.GDP.PCAP.KD.ZG,Montenegro,MNE,..,3.27911575775674,3.32318817615919,3.11297073146422,4.65668340285264,4.34144828521134,-14.970505034482,13.3242405343679,7.99214069071184,6.48895040768953,3.16476067540844,2.809847957069
GDP per capita growth (annual %),NY.GDP.PCAP.KD.ZG,Morocco,MAR,1.55138144572757,1.11923449171742,-0.693616602037565,3.78371209116371,1.91410663270995,1.81642055572905,-8.13866950405836,7.0606299574828,0.779078150413596,2.58793464682357,2.77494467917541,..
GDP per capita growth (annual %),NY.GDP.PCAP.KD.ZG,Mozambique,MOZ,-0.447724916646848,-1.43002745719546,1.67319789859388,-0.38371430909207,0.445674338631605,-0.646283515954551,-4.10527399484737,-0.606316436997986,1.33807617743051,2.43327226953775,-0.790637245811396,-3.3149717543654
GDP per capita growth (annual %),NY.GDP.PCAP.KD.ZG,Myanmar,MMR,1.26080181285046,12.482374612359,5.02652118853597,5.31957403505668,5.50179746363222,5.83309474734135,-9.69306034482335,-12.627100008178,3.32202841461704,0.255328677987336,-1.63760945284048,-2.63809868547972
GDP per capita growth (annual %),NY.GDP.PCAP.KD.ZG,Namibia,NAM,-3.94107998949322,1.08624861082079,-2.62833210419717,-3.69773452685817,-1.70342664632669,-3.57649160039189,-10.7372931134497,0.588992664401843,2.51308808227621,1.73954320359132,1.48261098927927,-0.331679377239283
GDP per capita growth (annual %),NY.GDP.PCAP.KD.ZG,Nauru,NRU,-5.1599723888407,-6.68211183574525,2.30174554349074,-7.7882065342324,-2.16926114572559,7.51652861776262,1.08625303568498,7.14457374271909,-0.779594949580556,-1.33809920484673,0.837879377880469,1.4803088803083
GDP per capita growth (annual %),NY.GDP.PCAP.KD.ZG,Nepal,NPL,2.13356922780787,4.37721035459148,-0.0405110299060141,8.76020605401564,7.36009731523734,5.40192160337149,-4.23182776858643,3.02971971240495,4.77665725235042,2.05405906693403,3.83018649177322,4.54686122541752
GDP per capita growth (annual %),NY.GDP.PCAP.KD.ZG,Netherlands,NLD,3.46827763514348,3.4774247585043,1.8806480971239,2.17565329205816,1.6633486959666,1.63221248669214,-4.40056893380125,5.72194046869852,4.01097879214146,-1.57742254006001,0.420163692410952,1.25483261232941
GDP per capita growth (annual %),NY.GDP.PCAP.KD.ZG,New Caledonia,NCL,1.00084224269344,0.0082048320171566,..,..,0.401770467057673,-1.42259824757296,-2.59576601107399,-2.4562945690604,2.8118576387978,1.82579914741807,-14.3184777138481,..
GDP per capita growth (annual %),NY.GDP.PCAP.KD.ZG,New Zealand,NZL,-0.783344535959387,2.26614300686462,1.43938460571344,1.18008899640975,1.48792512472586,0.888801067116702,-2.24892070128274,4.04890442681972,3.40419502781879,-0.502371566531039,-2.55526584760841,-0.19182451888318
GDP per capita growth (annual %),NY.GDP.PCAP.KD.ZG,Nicaragua,NIC,-2.35955546973541,2.67944162568968,3.16650951067395,3.24691576299918,-4.62941675714166,-4.14856907147293,-3.4517971097024,9.13330612485078,2.22851395042827,3.00516001401436,2.19519595254721,3.55555975864928
GDP per capita growth (annual %),NY.GDP.PCAP.KD.ZG,Niger,NER,-4.30134942960251,-4.57504226731116,0.519341979477275,1.84106184580625,3.26870208925641,2.56706453200282,1.06429267675003,-2.12237799775981,8.63112578820736,-0.691442852917362,4.82684088461107,3.61405715985865
GDP per capita growth (annual %),NY.GDP.PCAP.KD.ZG,Nigeria,NGA,8.79614634151086,2.24461411115027,-4.01892534265532,-1.61585537269663,-0.406836852107517,-0.0100047582209584,-8.34242347890014,-0.988127022124459,2.15831409948197,1.17052189882124,1.92571054180995,1.89029058621935
GDP per capita growth (annual %),NY.GDP.PCAP.KD.ZG,North Macedonia,MKD,..,4.07405080631071,3.1782257470099,1.48936718625188,3.40375411089484,4.61869501137757,-3.65436823824773,5.59213007924724,3.06193588427661,2.77356173391705,3.18889944421623,3.6831388072964
GDP per capita growth (annual %),NY.GDP.PCAP.KD.ZG,Northern Mariana Islands,MNP,..,..,31.097890849885,25.1775968489283,-18.0505598698509,-9.70326849241671,-28.1627780007682,6.19656514048702,18.9235637680801,..,..,..
GDP per capita growth (annual %),NY.GDP.PCAP.KD.ZG,Norway,NOR,1.60870022657495,2.77419611443699,0.403158160219562,1.84374931382847,0.445168753194665,0.787031849898966,-1.93959793141106,3.58770470380205,3.14953207512265,-0.783153604834723,0.464903814211155,0.390027440234192
GDP per capita growth (annual %),NY.GDP.PCAP.KD.ZG,Oman,OMN,-5.09719826830693,4.83264880749192,0.118553614303224,-2.93490377016138,-0.0452382355009746,-0.985733221362153,-1.91104857604375,3.08530454964595,2.73958764672784,-4.99392981588154,-2.8378759250854,-1.57439941297214
GDP per capita growth (annual %),NY.GDP.PCAP.KD.ZG,Pakistan,PAK,1.02421181151411,1.35619796881565,5.19506859858923,2.96623678403046,4.44201942237108,0.778096107046181,-3.03889328268374,4.52304565172781,2.96250287218002,-1.94543125066376,1.53732864763008,2.09334109987897
GDP per capita growth (annual %),NY.GDP.PCAP.KD.ZG,Palau,PLW,3.26683220063997,-4.01067837528387,1.51226764620245,-3.50276330541348,-0.428806096617578,0.390852393445343,-5.97571009429768,-11.8700599011258,-0.328362347418647,1.40557147391065,12.2085259096757,6.4789352268116
GDP per capita growth (annual %),NY.GDP.PCAP.KD.ZG,Panama,PAN,5.820296592312,2.18230222607616,2.77979910410548,3.94788150696994,2.19403437221415,1.47558922151505,-18.9420549753141,15.0694182618459,9.6415783290321,5.77264577478532,1.45499965207416,3.08080357716555
GDP per capita growth (annual %),NY.GDP.PCAP.KD.ZG,Papua New Guinea,PNG,-5.51131375084334,-5.80069881814661,2.91791021651957,1.08692627161339,-2.56991254975047,2.14824964998061,-5.20688760573694,-2.4695196729345,3.73575055211361,1.94734452245426,2.05244750391522,3.8092237087566
GDP per capita growth (annual %),NY.GDP.PCAP.KD.ZG,Paraguay,PRY,1.33827485725477,-4.18580870385856,2.76597250767641,3.32962942297075,1.77964425718002,-1.74219112718859,-2.15166731600608,2.74305750115238,-1.15611486582868,3.99853693606273,3.38506241850276,5.36644048728706
GDP per capita growth (annual %),NY.GDP.PCAP.KD.ZG,Peru,PER,-7.0636979506673,1.10433498225969,2.57623039728159,1.01943141648242,2.1018453903506,0.502286291227506,-11.989123385761,12.3312441776109,1.83669886064575,-1.44059214201185,2.38920778551881,2.35722027667993
GDP per capita growth (annual %),NY.GDP.PCAP.KD.ZG,Philippines,PHL,0.476020888521106,1.9282797124846,5.7212148588973,5.56223020665776,5.03429067114457,4.83577546655691,-10.5488615065624,4.76163916254069,6.76595410569132,4.66769736272362,4.84555466042104,3.55914007476458
GDP per capita growth (annual %),NY.GDP.PCAP.KD.ZG,Poland,POL,..,5.75502267661936,3.07547528252388,5.13933542172569,6.24607110540019,4.60600727341085,-0.861202002378917,8.47171799983406,5.7122759744731,0.616853101336787,3.38947422901255,3.92342277811697
GDP per capita growth (annual %),NY.GDP.PCAP.KD.ZG,Portugal,PRT,4.17732882710808,3.08905313202446,2.32643063621838,3.56700126187077,3.11123658697107,2.72130207848775,-8.30107079726919,4.89913107175563,6.24247031136021,1.69803392754639,1.10107472414329,0.825647953518541
GDP per capita growth (annual %),NY.GDP.PCAP.KD.ZG,Puerto Rico (US),PRI,-3.7017081142227,2.98675150054237,0.289081770174349,-0.903680354883278,-0.869549149955759,1.30600530158883,-3.56477573029991,0.965492836952421,4.31859270552792,1.24568334921366,3.21808836780313,0.874753321291848
GDP per capita growth (annual %),NY.GDP.PCAP.KD.ZG,Qatar,QAT,0.00102715280083032,2.58659738636253,-2.4510094889969,-4.15600320402655,-0.134704952518092,-1.52203684233693,-8.92450817587073,13.3615381417796,-1.79097889792256,1.23672426450278,-4.17090906600274,-1.05876296559582
GDP per capita growth (annual %),NY.GDP.PCAP.KD.ZG,Romania,ROU,..,2.59397523199067,3.45169541464914,8.82266657090874,6.01553045118388,4.50941296110349,-3.06561724934225,6.37801653902932,4.59004052061825,2.19035297025793,0.965042709085722,0.844739865314082
GDP per capita growth (annual %),NY.GDP.PCAP.KD.ZG,Russian Federation,RUS,-3.16283597296696,10.4637091559227,-0.0904862004782103,1.61387325924203,2.71659271660542,2.14202624717367,-2.52680431743222,6.21857740869952,-1.09717176252111,4.37751097028844,4.55626099351906,..
GDP per capita growth (annual %),NY.GDP.PCAP.KD.ZG,Rwanda,RWA,-4.92159867307215,7.49987106605703,3.18409626680049,2.27661189208408,5.59635869514096,6.82168128112207,-4.93301559411864,6.06201151914851,7.44545148233944,6.19900549544292,4.95503220363311,7.0277233018782
GDP per capita growth (annual %),NY.GDP.PCAP.KD.ZG,Samoa,WSM,-4.57637405384999,4.27745070826087,7.07276114056432,0.460419453590006,-1.6472076564482,3.35744960284687,-4.09792925699939,-5.85857738061891,1.5629786460799,14.4879437715433,4.09688899029361,3.59288172853812
GDP per capita growth (annual %),NY.GDP.PCAP.KD.ZG,San Marino,SMR,..,0.883025780040143,1.71366802964523,-1.8876966462592,-0.555260334539653,1.65051434688202,-6.93519075870958,15.6202852637699,9.48711595874579,0.0905855641196212,..,..
GDP per capita growth (annual %),NY.GDP.PCAP.KD.ZG,Sao Tome and Principe,STP,-4.54035035808427,-0.65084592250922,3.42223386315462,2.46252459071385,2.78057714923384,0.482132360625684,0.716646434339125,-0.17852659147141,-1.75407310474412,-1.6128371937285,-0.530991147497588,-0.955477215252273
GDP per capita growth (annual %),NY.GDP.PCAP.KD.ZG,Saudi Arabia,SAU,4.15776944456925,0.150492543589365,-2.03439520588341,1.10646877226159,5.89707730206987,2.09953683085793,-8.3434729070232,9.17745692710805,7.15912905732745,-4.01429387790023,-1.99654795231605,-0.226897401723321
GDP per capita growth (annual %),NY.GDP.PCAP.KD.ZG,Senegal,SEN,-3.55291522695565,1.41335705319622,3.23503572418973,4.3502357297959,3.27615846996321,1.80892290272958,-1.29147593311235,3.8734325972454,1.3191343503411,1.79788238989684,4.02010382360814,4.25931413755755
GDP per capita growth (annual %),NY.GDP.PCAP.KD.ZG,Serbia,SRB,..,6.39450401120698,3.5158880281917,2.90962447502095,5.22266888313776,5.31381889246718,-0.288042264925664,8.97258082321535,5.32139169050186,4.3943385787905,4.52924814890834,2.61201014096326
GDP per capita growth (annual %),NY.GDP.PCAP.KD.ZG,Seychelles,SYC,6.92914127454476,3.32671456371403,10.6277900412689,5.65298679577909,3.94280692985572,4.58155113586345,-12.4901374474458,-0.254097866449726,-9.01986146351219,5.27201672489588,2.0002737424775,4.61179204220666
GDP per capita growth (annual %),NY.GDP.PCAP.KD.ZG,Sierra Leone,SLE,-0.65885095706804,4.10749847441832,3.96056326178993,0.774679247758442,0.50674429876733,3.08171137743476,-3.50677788869559,3.51527957069044,2.99519003006155,3.41471641633679,2.10273332108876,2.50015605748742
GDP per capita growth (annual %),NY.GDP.PCAP.KD.ZG,Singapore,SGP,5.63184802412309,7.16598820156491,2.57148302071828,4.23440582627357,2.70307303138391,0.00783404280791444,-3.30973090655749,14.8314606167434,0.625280575115795,-3.36069477894166,3.26325659591436,3.74871378758077
GDP per capita growth (annual %),NY.GDP.PCAP.KD.ZG,Sint Maarten (Dutch part),SXM,..,..,-1.0859663357852,-9.30645194996998,-8.53633432632274,9.11581322620327,-14.6336937315718,3.16129245692684,12.3647203881995,2.31884027870137,1.57201933735674,2.0510894064613
GDP per capita growth (annual %),NY.GDP.PCAP.KD.ZG,Slovak Republic,SVK,..,0.925761788954276,1.81646959957402,2.71521709643727,3.91808506492153,2.13758470717096,-2.66902849173539,5.88046673143569,0.831412246801008,2.20694498399155,2.02649250952174,0.961148796579153
GDP per capita growth (annual %),NY.GDP.PCAP.KD.ZG,Slovenia,SVN,..,3.1919411832727,2.95902414777296,5.10589384792048,4.00130649890984,2.78704541391961,-4.72524968037921,8.12577517618843,2.47421045586167,1.97100496138407,1.39957708502673,0.889867414583748
GDP per capita growth (annual %),NY.GDP.PCAP.KD.ZG,Solomon Islands,SLB,-0.930739361805806,-16.2171419354817,1.8954619438627,-0.426120235207534,-0.648914414273463,-0.912183037350545,-5.50324350800385,-2.59513572745166,-4.88870843999941,0.406498798558516,0.584428781115449,1.21441464169847
GDP per capita growth (annual %),NY.GDP.PCAP.KD.ZG,"Somalia, Fed. Rep.",SOM,2.78932821699011,2.9094517086796,2.99347020740043,10.3677043802854,-1.48470237915478,-0.909258009902032,-6.38636194168187,-0.267727633939771,-0.342614533940647,1.01616806512138,0.548466776307393,-0.391747312911576
GDP per capita growth (annual %),NY.GDP.PCAP.KD.ZG,South Africa,ZAF,-3.05210020449451,3.25127058182207,-0.277781475736276,0.49869596172698,-0.1374850396532,-1.3803610544763,-7.67873309598839,3.25562042833964,0.62521727101273,-0.523851146279725,-0.713538079423742,-0.0412236373188222
GDP per capita growth (annual %),NY.GDP.PCAP.KD.ZG,South Sudan,SSD,..,..,..,..,..,..,..,..,..,..,..,..
GDP per capita growth (annual %),NY.GDP.PCAP.KD.ZG,Spain,ESP,3.67576794722082,4.73130032942612,2.83577124069477,2.64617061107108,1.93406292039191,1.23303741249605,-11.3931290455953,6.49336738803039,5.60841068844668,1.26057958891062,2.40413218623925,1.77013824549053
GDP per capita growth (annual %),NY.GDP.PCAP.KD.ZG,Sri Lanka,LKA,5.72394612528907,4.0862744786218,3.86979649874351,5.24982935126125,1.28556702923734,-0.829146715016009,-5.12926234565826,3.09278196849438,-7.4536189792008,-1.3887411620843,5.57208772426132,5.72529222294247
GDP per capita growth (annual %),NY.GDP.PCAP.KD.ZG,St. Kitts and Nevis,KNA,5.7228684529764,8.46930909930006,3.95919692482656,0.274193507101955,2.09466207201663,3.06102179372833,-15.1537081395497,0.597261391032816,10.6082200037537,2.91331421745427,0.130203089601792,2.51569342755708
GDP per capita growth (annual %),NY.GDP.PCAP.KD.ZG,St. Lucia,LCA,8.81855434176092,-1.15852753925388,2.9915396739198,2.97179882236796,2.49445186760282,-1.38812466794819,-23.1552773828255,10.9773537968332,19.1727834727551,3.61564604076752,4.50136097495573,-0.797598585137095
GDP per capita growth (annual %),NY.GDP.PCAP.KD.ZG,St. Martin (French part),MAF,..,..,5.54794889038332,-7.15585200915483,-5.8923641662807,11.9233703264347,-5.67034471115365,11.2897229582813,..,..,..,..
GDP per capita growth (annual %),NY.GDP.PCAP.KD.ZG,St. Vincent and the Grenadines,VCT,3.64619461199149,1.47880127546429,4.74804540016839,2.20738641850942,3.90031671690731,1.40193657114291,-3.67618803165428,2.77342166309265,3.91412869594379,6.07793111453327,4.79304780177681,4.10818502429764
GDP per capita growth (annual %),NY.GDP.PCAP.KD.ZG,Sudan,SDN,-7.12283677545001,3.37132975440942,0.369473161527822,-2.71987452387332,-6.01716755998106,-5.00795943799888,-6.18595807947966,-4.47700779563793,-3.59800846557803,-30.363173571103,-14.6570236407403,..
GDP per capita growth (annual %),NY.GDP.PCAP.KD.ZG,Suriname,SUR,-5.44552392165917,0.016412852428175,-5.90338246401519,0.547149370341614,3.93294702617604,0.12296002295291,-16.8738740468232,-3.31629942420831,1.54051769500568,1.48474163935258,0.831904608783688,0.929600141453506
GDP per capita growth (annual %),NY.GDP.PCAP.KD.ZG,Sweden,SWE,-0.0207591788844042,4.46324425617721,0.855975824436371,0.519214362381689,0.594886136077946,1.57332206499805,-2.63997048116038,4.5957806799404,0.568648782156174,-0.674701257933236,0.7016697822271,1.28528640204073
GDP per capita growth (annual %),NY.GDP.PCAP.KD.ZG,Switzerland,CHE,-0.274653779945453,3.0524783594406,0.804739182018849,0.478338226837309,2.56908414233095,0.396618811151228,-2.966852612279,5.3665512260086,2.6785993140471,-0.441833465877266,0.0757783600805908,0.332425570126517
GDP per capita growth (annual %),NY.GDP.PCAP.KD.ZG,Syrian Arab Republic,SYR,0.439572643041046,-1.80421522520456,-5.28031989569315,-0.882573823971697,-0.435862757259983,-2.63687243879127,-2.38265909697594,-0.937128678948227,-3.90490484495091,..,..,..
GDP per capita growth (annual %),NY.GDP.PCAP.KD.ZG,Tajikistan,TJK,-3.02147591045924,7.00808967496647,4.2256886170877,4.50305161526772,5.04059320866072,4.89098971791482,2.05116680370303,7.01157366120653,5.71622455034235,6.13628181088259,6.34141937002055,6.43226137350786
GDP per capita growth (annual %),NY.GDP.PCAP.KD.ZG,Tanzania,TZA,4.29914682952561,1.59942658531416,3.30400665890222,3.23688527604725,2.24213027557943,2.71005881950599,-0.998987836780785,1.25401761079502,1.54299792361155,2.08099243052513,2.5538482690819,..
GDP per capita growth (annual %),NY.GDP.PCAP.KD.ZG,Thailand,THA,9.36095058683009,3.28023479514871,2.96944155296718,3.73797800283087,3.90762624173355,1.90583495758329,-6.24932633137992,1.43703031357769,2.62640014696653,2.2957417568134,2.99804874211011,2.51134361626457
GDP per capita growth (annual %),NY.GDP.PCAP.KD.ZG,Timor-Leste,TLS,..,77.089568536025,1.06590239668736,-4.99167838514208,-2.35863547850684,21.8272465527765,29.2315955694561,3.49004138285764,-21.6343453654996,-19.0224447249042,-10.161913191806,5.62707069855799
GDP per capita growth (annual %),NY.GDP.PCAP.KD.ZG,Togo,TGO,-3.12037753616558,-3.23018836054855,2.34242089940982,2.2541566874758,2.9148797520469,2.69276787668153,-0.0464136395853814,3.17336186086668,4.54969714998951,4.19303539209972,4.2112681850039,4.02034813190872
GDP per capita growth (annual %),NY.GDP.PCAP.KD.ZG,Tonga,TON,-2.33589597538769,3.1164781634571,7.17551408749179,3.36688551758677,0.32690003061127,-0.381463313423794,1.77247777065416,-0.733953666451555,-1.71113087341446,3.22746003661523,2.12857915244764,3.22906826550479
GDP per capita growth (annual %),NY.GDP.PCAP.KD.ZG,Trinidad and Tobago,TTO,0.649239418538244,6.49101487437005,-7.82511237114002,-5.06473832096466,-1.13201603020309,0.114767755861862,-8.97165770967038,-0.777215541824603,0.990715463329252,1.33995194217194,2.44755276913735,-0.746495546326813
GDP per capita growth (annual %),NY.GDP.PCAP.KD.ZG,Tunisia,TUN,5.70836371358358,3.54145974209786,0.00849827158573646,1.18340493178839,1.60391587948506,0.613127731689971,-9.72752601384167,4.08785924151975,2.15276458662672,-0.481913639518325,0.979801739421518,1.89995917167896
GDP per capita growth (annual %),NY.GDP.PCAP.KD.ZG,Turkiye,TUR,7.23962032231525,5.62145840894716,1.9428315705164,6.43664614092381,2.07704135618785,-0.136378469205951,0.819957444576985,10.797736075363,4.40815937187469,4.61909774991381,3.09479882124933,3.17044473186495
GDP per capita growth (annual %),NY.GDP.PCAP.KD.ZG,Turkmenistan,TKM,31.8527372518528,3.38607027341378,3.81940190706788,4.04622979985758,3.83691417565801,4.0121953580019,3.64707009830416,4.02379198709588,4.20504344934773,4.38073247443103,4.43792563432616,4.56505264866701
GDP per capita growth (annual %),NY.GDP.PCAP.KD.ZG,Turks and Caicos Islands,TCA,..,..,2.46456149346457,67.5979946960904,2.52456646348665,1.07340727929571,-35.6362101547339,27.1739181653097,12.5841107323701,12.8670493869653,4.87181797375062,..
GDP per capita growth (annual %),NY.GDP.PCAP.KD.ZG,Tuvalu,TUV,13.5925110252331,-1.46854206811803,5.97938856186022,3.02336313631166,2.5000826037985,15.650825095542,-2.59958228889671,3.8514037023984,2.71261925845695,5.71488075368194,..,..
GDP per capita growth (annual %),NY.GDP.PCAP.KD.ZG,Uganda,UGA,3.08537625148307,-0.0506112736721605,1.35743312909598,-0.406390812740796,2.75300382511665,2.88958690241905,-0.423922683361482,0.258075577364949,1.48927085105888,2.42759459782118,3.17493921238938,3.49725229634556
GDP per capita growth (annual %),NY.GDP.PCAP.KD.ZG,Ukraine,UKR,-6.59041563631982,6.79706549402465,2.94151228987063,2.86027869650954,4.09937975447431,3.87284698333255,-3.08458576352871,4.41050883289091,-22.7456813021158,15.4480219876898,2.53118166051888,..
GDP per capita growth (annual %),NY.GDP.PCAP.KD.ZG,United Arab Emirates,ARE,11.5724168448179,3.63205780500195,0.57481122939582,-4.1521758396202,0.195833797104513,0.208979855084152,-8.25883323246956,2.65161941845433,2.18067106977496,0.234310330355683,-0.766014064229807,..
GDP per capita growth (annual %),NY.GDP.PCAP.KD.ZG,United Kingdom,GBR,0.478455932040106,4.15158061382745,1.39797854877506,2.46409428701189,1.0564966711085,0.738072456841849,-10.1988501221779,8.15741414430147,4.1267500565517,-1.0306551867823,-0.0212601831000256,1.08786759604824
GDP per capita growth (annual %),NY.GDP.PCAP.KD.ZG,United States,USA,0.741486713508948,2.92586254681619,1.02266589237917,1.75014095196009,2.3644424974579,2.05676589969444,-2.48059997386319,5.98515132703822,1.94217130872103,2.09110944991448,1.81099561417319,1.62901328272834
GDP per capita growth (annual %),NY.GDP.PCAP.KD.ZG,Uruguay,URY,-0.288978937190848,-2.29597374962009,1.35078037686081,1.46549079282399,-0.0151011268806798,0.848967983378387,-7.40535234891223,5.91510210973331,4.78459885025788,0.845973105465262,3.37131091243454,1.84184818056804
GDP per capita growth (annual %),NY.GDP.PCAP.KD.ZG,Uzbekistan,UZB,-0.821590189756151,2.53200282225686,4.88544792792544,2.94115209964183,3.91344009833303,4.87800830454302,-0.259354857453758,6.1274486675632,3.97489304786605,4.18879735936189,4.59454789720127,5.68950787978028
GDP per capita growth (annual %),NY.GDP.PCAP.KD.ZG,Vanuatu,VUT,8.9271268380239,3.51780181082894,1.3401397722921,1.8208195580786,0.0888190242215785,0.897747718651672,-7.89338931570623,-3.42850167019159,3.17078255168309,3.39776254449882,1.43313166240642,0.780778397940367
GDP per capita growth (annual %),NY.GDP.PCAP.KD.ZG,"Venezuela, RB",VEN,4.1361830075758,1.59305580865011,-17.6288988102954,-15.1462172534753,-17.6001192318482,-25.4442397305152,-28.6057438496512,1.3599718379524,8.16956905683747,3.70013368160016,5.13594862074156,1.17406663494002
GDP per capita growth (annual %),NY.GDP.PCAP.KD.ZG,Viet Nam,VNM,2.92330784870207,5.58792950410756,5.35427097241221,5.61787865063133,6.28095828201967,6.32464886581907,1.91581434772165,1.66651604176819,7.7256990331194,4.27616318968813,6.3659748675781,7.36938819098758
GDP per capita growth (annual %),NY.GDP.PCAP.KD.ZG,Virgin Islands (U.S.),VIR,..,..,1.78607056891147,-0.517853882355141,2.14490182532539,3.22863068505148,-1.26412494613658,4.07886990081306,-0.883383819313323,..,..,..
GDP per capita growth (annual %),NY.GDP.PCAP.KD.ZG,West Bank and Gaza,PSE,..,-10.8625929085069,6.44666146094556,-0.577622802403482,-1.30481419195327,-1.15161366535136,-13.4963869730477,4.41469534491321,1.58856471383393,-3.31404051657385,-24.6567900497018,1.94584290015811
GDP per capita growth (annual %),NY.GDP.PCAP.KD.ZG,"Yemen, Rep.",YEM,..,2.96401092010485,-12.0553743505045,-7.88861205244282,-2.186490192267,..,..,..,..,..,..,..
GDP per capita growth (annual %),NY.GDP.PCAP.KD.ZG,Zambia,ZMB,-2.99842702237687,1.01793976595019,0.593979723633794,0.398377780872721,0.9537337347912,-1.51894951073589,-5.56773502453288,3.28575461102756,2.34336450166037,2.46464031100994,0.941472566904864,0.921973669109249
GDP per capita growth (annual %),NY.GDP.PCAP.KD.ZG,Zimbabwe,ZWE,4.11277570329895,-3.94437178277245,-0.633234613329265,3.23409642689352,3.45954562738599,-7.78558358121073,-9.33397144870511,6.61191108683749,4.34366718315964,3.59876695621327,-0.117816342539967,6.08867578227839
GDP per capita growth (annual %),NY.GDP.PCAP.KD.ZG,Africa Eastern and Southern,AFE,-2.70803135835918,0.537452922147111,-0.373426659266414,0.001542071800543,-0.0640051941255848,-0.801354122244689,-5.51611083521335,1.72157250545655,1.01471726677123,-0.594614604893195,0.277358647887979,1.17018148257519
GDP per capita growth (annual %),NY.GDP.PCAP.KD.ZG,Africa Western and Central,AFW,2.82767593697399,0.999259502939267,-2.45468067370471,-0.335939423564639,0.336503639808257,0.798449950611996,-5.9882592891983,0.158044421755463,2.08027089264411,1.20760367386683,2.11770319005143,2.21394778961708
GDP per capita growth (annual %),NY.GDP.PCAP.KD.ZG,Arab World,ARB,4.34609962979017,3.79848131815213,1.19964765471723,-0.681450995163544,0.861357587521155,-0.147542137815066,-7.25739207603073,2.86183497876445,4.5665417527059,-0.618659094254539,-0.170393051350842,1.46471292301749
GDP per capita growth (annual %),NY.GDP.PCAP.KD.ZG,Caribbean small states,CSS,-0.902857716657607,3.87018281578848,-3.69329542885677,-1.31455852532122,0.355868797009421,0.0597363324265814,-9.60221451017202,6.76081374499473,14.2784672783565,8.26125371691218,12.8498912691004,7.56041212197263
GDP per capita growth (annual %),NY.GDP.PCAP.KD.ZG,Central Europe and the Baltics,CEB,..,4.53384669377081,3.13298217976458,5.42597031137817,5.22409901899552,4.24672117209575,-2.68153713428568,7.64692428388101,4.17906033122961,0.607893264663147,2.21955805173253,2.62070412976104
GDP per capita growth (annual %),NY.GDP.PCAP.KD.ZG,Early-demographic dividend,EAR,2.53892236114255,2.42175279891799,2.77110914786651,3.18065898614314,2.35651768283216,1.02983723771024,-5.44002393656929,6.37999557233438,4.84453271053849,2.90876376353279,2.67161745358622,3.19722964995819
GDP per capita growth (annual %),NY.GDP.PCAP.KD.ZG,East Asia & Pacific,EAS,3.538621506718,4.54226027830119,3.89817538925152,4.29848167731318,4.18244588423124,3.50363639067479,-0.497934943199667,6.22497809091043,2.85670794016096,3.86063144599245,3.55691990787241,3.88622874323896
GDP per capita growth (annual %),NY.GDP.PCAP.KD.ZG,East Asia & Pacific (excluding high income),EAP,3.45839460166974,6.64888532602367,5.71490280788434,5.86165238725506,5.85535773398644,5.30385584335862,0.886025683608011,7.38179701685718,3.30618636605679,5.06477413781157,4.77787846869337,4.80811113447368
GDP per capita growth (annual %),NY.GDP.PCAP.KD.ZG,East Asia & Pacific (IDA & IBRD countries),TEA,3.45541490242616,6.64392365812523,5.71122032988794,5.8574700468068,5.8524879613618,5.30193148106359,0.884981442616521,7.38221560541787,3.30781621562521,5.06670866269428,4.77973493423072,4.80998180648223
GDP per capita growth (annual %),NY.GDP.PCAP.KD.ZG,Euro area,EMU,3.10831614434565,3.60254366967511,1.5566937355231,2.45196977684085,1.58284939576711,1.39914862569842,-6.15630180121201,6.38975833856964,3.38678918814921,0.0248648656330204,0.545219641950197,1.11107731582105
GDP per capita growth (annual %),NY.GDP.PCAP.KD.ZG,Europe & Central Asia,ECS,1.66152178333614,4.26872253490234,1.45532021114056,2.56946861228793,1.80967487730916,1.44343229492254,-5.55321212206002,6.74191918034795,3.44025443414297,0.988204992102396,1.19927866922393,1.27161663597657
GDP per capita growth (annual %),NY.GDP.PCAP.KD.ZG,Europe & Central Asia (excluding high income),ECA,1.54172054902723,6.35294626872236,1.94890342644356,5.10448797855074,2.90642169116467,1.72083539301762,-0.420094564083158,8.62190025260897,3.66893266362467,5.80894693328939,3.36064721774048,3.01362639255278
GDP per capita growth (annual %),NY.GDP.PCAP.KD.ZG,Europe & Central Asia (IDA & IBRD countries),TEC,-2.07468870202159,7.43083010152435,1.39203783863289,3.90166280557511,3.37769145797037,2.38897147495361,-1.63867207151296,7.53636048481319,2.44944798240765,4.36228570559156,3.71888714491628,2.27022746851327
GDP per capita growth (annual %),NY.GDP.PCAP.KD.ZG,European Union,EUU,2.94797933847752,3.80934799569394,1.71749577669785,2.66932398924105,1.87772359244853,1.68103774320447,-5.57053637841061,6.53094716272416,3.33868915851936,0.0589984654906175,0.787818911505255,1.33556083004187
GDP per capita growth (annual %),NY.GDP.PCAP.KD.ZG,Heavily indebted poor countries (HIPC),HPC,-3.74459289529862,0.123098198413032,1.34859237448536,2.03871833705955,1.24900268057753,1.34676505348183,-2.71949707182922,1.58280226583109,2.20954847555473,0.846452336074165,2.42891350930665,3.10165842334558
GDP per capita growth (annual %),NY.GDP.PCAP.KD.ZG,High income,HIC,1.96050787421416,3.77120715288967,1.22676107176582,2.04390159976985,2.0708879859272,1.53833432565686,-4.12157731967358,6.09745933762946,2.64727980277173,1.06443008976875,1.26561178308084,1.491208012499
GDP per capita growth (annual %),NY.GDP.PCAP.KD.ZG,IBRD only,IBD,0.237103081436089,4.61247640881443,3.45615158819554,4.18633209525461,3.9626414753573,3.1704530745513,-1.95919363416803,7.03392164910011,3.28550278277888,4.13171883700751,3.84980237542972,3.73750748610804
GDP per capita growth (annual %),NY.GDP.PCAP.KD.ZG,IDA & IBRD total,IBT,0.222967519859026,4.16991207921136,3.05640604210005,3.77144903827553,3.57038078098807,2.78433354520935,-2.39238386518089,6.29715320132634,2.87965503152803,3.55440202600994,3.39607730039803,3.31486517864012
GDP per capita growth (annual %),NY.GDP.PCAP.KD.ZG,IDA blend,IDB,2.76940717744915,0.86965777861208,0.386730729939828,0.809983153675972,1.83956782828241,1.04339132267074,-5.14467412879881,2.27745033681279,2.78051210670669,0.939591479184969,2.18364142933443,2.63225498994106
GDP per capita growth (annual %),NY.GDP.PCAP.KD.ZG,IDA only,IDX,-1.19900630908208,1.94176245525458,1.91186128878971,2.89661809861434,2.50425371715082,2.42256695384096,-2.61639463625202,1.33394305159082,2.04861342246542,1.04095710269014,2.27680779915779,2.57682242278253
GDP per capita growth (annual %),NY.GDP.PCAP.KD.ZG,IDA total,IDA,1.12455411030783,1.4312682244793,1.0917147250679,1.79598805251833,2.13006130176771,1.68407247446345,-3.91181214659618,1.76108450185006,2.37481158565804,0.945460377937763,2.18039386495528,2.55562989838116
GDP per capita growth (annual %),NY.GDP.PCAP.KD.ZG,Late-demographic dividend,LTE,-1.10494866769271,6.18965954214352,3.77298749406765,4.57020741359528,4.86661405428367,4.27160406449451,-0.0794028018832478,7.40961972079273,3.12653946173087,4.32054638951722,4.4096510939122,4.38387890823684
GDP per capita growth (annual %),NY.GDP.PCAP.KD.ZG,Latin America & Caribbean,LCN,-2.03796144957407,2.12093116235033,-1.66359354962314,0.638987772497558,0.369053683682139,-0.494031203348314,-7.51392201082636,6.45960269873731,3.47347159273626,1.50609084727324,1.54941018109591,1.64506712959161
GDP per capita growth (annual %),NY.GDP.PCAP.KD.ZG,Latin America & Caribbean (excluding high income),LAC,-2.16575061265092,2.09499534402097,-1.91455399237026,0.675953326545113,0.306496369053605,-0.604200706419533,-7.45498063570554,6.22639139854549,3.34251506658867,1.41171986859447,1.27349096665037,1.52280118586252
GDP per capita growth (annual %),NY.GDP.PCAP.KD.ZG,Latin America & the Caribbean (IDA & IBRD countries),TLA,-1.93130878152662,2.06004528663684,-1.71464298979453,0.669310455952328,0.409790732513144,-0.537530145676683,-7.45985095513528,6.63088122482624,3.47493418430733,1.55453696328813,1.54974762807592,1.65507364095035
GDP per capita growth (annual %),NY.GDP.PCAP.KD.ZG,Least developed countries: UN classification,LDC,-2.55692728741772,1.79499617264365,1.39043635024866,2.06655566027429,2.2146778862929,2.35952298459333,-2.53960624176722,0.393407486773057,2.37507352258028,0.724668923960621,1.51553582090563,1.93781088503502
GDP per capita growth (annual %),NY.GDP.PCAP.KD.ZG,Low & middle income,LMY,1.05966806812911,3.89377820786937,3.30715564605583,3.9208071852632,3.62729024158838,2.8517222638573,-2.26761076460159,6.26231382141904,3.01752669811273,3.64154019809749,3.36529396809169,3.47520835449863
GDP per capita growth (annual %),NY.GDP.PCAP.KD.ZG,Low income,LIC,-5.45724476159458,0.417439066280778,-0.834959518198602,0.404717055790655,0.656538288890957,1.03744548970491,-2.51518158181821,-0.699201762207338,1.0301694567531,-1.48362052748851,0.639358003147834,2.54539024773865
GDP per capita growth (annual %),NY.GDP.PCAP.KD.ZG,Lower middle income,LMC,2.74911385306029,1.90033072604056,3.45160226052911,3.29774162959086,3.45419308120363,2.00945609250778,-5.501062831688,5.44455962162343,4.95053596702628,3.92410899722798,4.01364070640402,4.59818922400088
GDP per capita growth (annual %),NY.GDP.PCAP.KD.ZG,"Middle East, North Africa, Afghanistan & Pakistan",MEA,4.99479103436667,3.9110280120356,2.61313274873265,0.392186775879551,0.793973736056614,-0.108430427791035,-5.30250517107758,3.50154983313058,4.43975563340516,0.309531781719485,0.394120504907065,0.902149208958633
GDP per capita growth (annual %),NY.GDP.PCAP.KD.ZG,"Middle East, North Africa, Afghanistan & Pakistan (excluding high income)",MNA,6.15337802761296,3.42001756033771,3.84829461792189,1.6816842383211,0.314341379714136,-0.39907077607802,-4.31298527755949,2.56573421195382,2.56623046300963,1.12206421514816,0.522275386145267,0.343268739466239
GDP per capita growth (annual %),NY.GDP.PCAP.KD.ZG,"Middle East, North Africa, Afghanistan & Pakistan (IDA & IBRD)",TMN,6.73776996354947,3.53073435898166,3.82694829405483,1.69971272581245,0.326473050965774,-0.39382022336298,-4.24047625319255,2.55215368770129,2.57324290621594,1.15478640878561,0.702002887304801,0.335936580117107
GDP per capita growth (annual %),NY.GDP.PCAP.KD.ZG,Middle income,MIC,1.22731515095562,4.03891509636125,3.49896351822166,4.11441470064922,3.82603227870828,3.04534597960439,-2.09977802467874,6.55056171359863,3.2282771988063,3.90854895831414,3.59614598545868,3.68244523665442
GDP per capita growth (annual %),NY.GDP.PCAP.KD.ZG,North America,NAC,0.563733103963088,3.02774834362273,0.926338117760125,1.74379840481494,2.25847906214749,1.90533268356306,-2.77805867201248,5.92621538103285,1.97124885038085,1.80657555120456,1.53396052630106,1.55175297374161
GDP per capita growth (annual %),NY.GDP.PCAP.KD.ZG,Not classified,INX,..,..,..,..,..,..,..,..,..,..,..,..
GDP per capita growth (annual %),NY.GDP.PCAP.KD.ZG,OECD members,OED,1.99769779276342,3.40186387754162,1.21113178285266,2.00432730661259,1.77987448413401,1.25975589333113,-4.22683605904867,5.90338766727407,2.64885988874985,1.11062600058609,1.12779539475203,1.37692492529541
GDP per capita growth (annual %),NY.GDP.PCAP.KD.ZG,Other small states,OSS,3.07488724225121,6.98055800454152,2.97547599299999,3.858229830418,3.11434808578828,2.99731395567453,-6.7922535010394,6.91866279847429,3.10703669830706,2.20929038752742,1.89668398744962,2.07003737946552
GDP per capita growth (annual %),NY.GDP.PCAP.KD.ZG,Pacific island small states,PSS,2.16109961577318,-2.81409131097085,2.41733856697036,2.55215413551939,1.42957738701017,0.113780627669229,-11.1755907945831,-3.7316730396974,7.08879739911916,5.9122273758105,2.40155951036476,2.0751617057749
GDP per capita growth (annual %),NY.GDP.PCAP.KD.ZG,Post-demographic dividend,PST,2.01637745911063,3.55992542897748,1.33779657613209,2.09128253595492,1.9244621066143,1.47534405982735,-4.21976367302902,5.8609240858503,2.78285200232402,1.44704815714023,1.144812486367,1.26536842789299
GDP per capita growth (annual %),NY.GDP.PCAP.KD.ZG,Pre-demographic dividend,PRE,5.32452327633447,2.56183510323258,-0.328829379809619,-1.13683243441635,-0.130221835116444,0.405960268306643,-6.67938111777654,-0.333938014468615,2.02852918182184,-0.11984776549248,0.738066866097228,0.988539233489561
GDP per capita growth (annual %),NY.GDP.PCAP.KD.ZG,Small states,SST,1.27056634003256,5.36975091129635,0.737301598175421,2.14915331747969,2.19311535948404,1.99558261977337,-7.82785766337196,6.34181667360245,6.3146452884062,4.09059236371918,5.21629662588956,3.6023685508393
GDP per capita growth (annual %),NY.GDP.PCAP.KD.ZG,South Asia,SAS,3.32328731205101,2.15841091919175,6.73733729893509,5.60196771944135,5.27934085526225,3.04100951092985,-5.90537298010342,8.33028192678252,6.24173655563243,5.84899135730251,5.81541025169881,6.18260956067509
GDP per capita growth (annual %),NY.GDP.PCAP.KD.ZG,South Asia (IDA & IBRD),TSA,3.32328731205101,2.15841091919175,6.73733729893509,5.60196771944135,5.27934085526225,3.04100951092985,-5.90537298010342,8.33028192678252,6.24173655563243,5.84899135730251,5.81541025169881,6.18260956067509
GDP per capita growth (annual %),NY.GDP.PCAP.KD.ZG,Sub-Saharan Africa,SSF,-0.546781489912547,0.725239701572747,-1.33177722156033,-0.153632140231451,0.107922726885974,-0.0879322621984215,-5.74773720457316,0.993759309882989,1.48258616307812,0.215816697729807,1.11581843190349,1.64007818065397
GDP per capita growth (annual %),NY.GDP.PCAP.KD.ZG,Sub-Saharan Africa (excluding high income),SSA,-0.5515720837423,0.724092013184219,-1.34082781455908,-0.157828803514562,0.105724626953105,-0.0909731992642833,-5.73939273979479,0.996390875055027,1.47887873010974,0.213251655075908,1.11596976341994,1.63836063219478
GDP per capita growth (annual %),NY.GDP.PCAP.KD.ZG,Sub-Saharan Africa (IDA & IBRD countries),TSS,-0.546781489912576,0.725239701572804,-1.33177722156034,-0.153632140231409,0.107922726885917,-0.0879322621983931,-5.74773720457318,0.993759309883018,1.48258616307815,0.215816697729807,1.11581843190345,1.64007818065394
GDP per capita growth (annual %),NY.GDP.PCAP.KD.ZG,Upper middle income,UMC,1.06019415348521,4.86788810343306,3.74378265254833,4.52293926104565,4.13450320082114,3.51848874215777,-1.07465650457317,7.11292651598244,3.23353445380006,4.31345051341052,3.87737337600318,3.85087301927436
GDP per capita growth (annual %),NY.GDP.PCAP.KD.ZG,World,WLD,0.933215453331002,3.15082603447337,1.59998167249861,2.2840083999172,2.18116646269766,1.61084579114603,-3.83462307658564,5.60163318303582,2.54679255804791,1.91059962837387,1.91442962168207,1.98760853536297
,,,,,,,,,,,,,,,
,,,,,,,,,,,,,,,
,,,,,,,,,,,,,,,
Data from database: World Development Indicators,,,,,,,,,,,,,,,
Last Updated: 07/01/2026,,,,,,,,,,,,,,,
Code,License Type,Indicator Name,Long definition,Source,Topic,Dataset,Unit of measure,Periodicity,Reference period,Aggregation method,Statistical concept and methodology,Development relevance,License URL
NY.GDP.PCAP.KD.ZG,CC BY-4.0,GDP per capita (annual % growth),"Gross domestic product is the total income earned through the production of goods and services in an economic territory during an accounting period. It can be measured in three different ways: using either the expenditure approach, the income approach, or the production approach. The core indicator has been divided by the general population to achieve a per capita estimate.This indicator denotes the percentage change over each previous year of the constant price (base year 2015) series in United States dollars.","Country official statistics, National Statistical Organizations and/or Central Banks;
National Accounts data files, Organisation for Economic Co-operation and Development (OECD);
Staff estimates, World Bank (WB)",Economic Policy & Debt: National accounts: Growth rates,WB_WDI,%,Annual,1961-2025,Weighted average,"Methodology: National accounts are compiled in accordance with international standards: System of National Accounts, 2008 or 1993 versions. Specific information on how countries compile their national accounts can be found on the IMF website: https://dsbb.imf.org/ Per capita estimates are divided by the total population.
Statistical concept(s): The conceptual elements of the SNA (System of National Accounts) measure what takes place in the economy, between which agents, and for what purpose. At the heart of the SNA is the production of goods and services. These may be used for consumption in the period to which the accounts relate or may be accumulated for use in a later period. In simple terms, the amount of value added generated by production represents GDP. The income corresponding to GDP is distributed to the various agents or groups of agents as income and it is the process of distributing and redistributing income that allows one agent to consume the goods and services produced by another agent or to acquire goods and services for later consumption. The way in which the SNA captures this pattern of economic flows is to identify the activities concerned by recognizing the institutional units in the economy and by specifying the structure of accounts capturing the transactions relevant to one stage or another of the process by which goods and services are produced and ultimately consumed.","This indicator is related to the national accounts, which are critical for understanding and managing a country's economy. They provide a framework for the analysis of economic performance. National accounts are the basis for estimating the Gross Domestic Product (GDP) and Gross National Income (GNI), which are the most widely used indicator of economic performance. They are essential for government policymakers, providing the data needed to design and assess fiscal and monetary policies; and are also used by businesses and investors to assess the economic climate and make investment decisions. NAS enable comparison between economies, which is crucial for international trade, investment decisions, and economic competitiveness. More specifically, this indicator is related to national accounts aggregates. Gross Domestic Product (GDP), Gross National Income (GNI), and other aggregates provide a snapshot of the size and health of an economy by measuring the total economic activity within a country. They can thus be used by policymakers to design and implement economic policies, as they reflect the overall economic performance and can indicate the need for intervention in certain areas. Aggregates also allow for comparisons between different economies, which can be useful for trade negotiations, investment decisions, and economic benchmarking. By examining aggregates over time, economists and analysts can identify trends, cycles, and potential areas of concern within an economy, and investors can use national accounts aggregates to assess the potential risks and returns of investing in a particular country. Overall, national accounts aggregates are fundamental tools for economic analysis, policy formulation, and decision-making at both the national and international levels.",https://datacatalog.worldbank.org/int/public-licenses#cc-by
